id,sender_id,receiver_id,amount,start_time,end_time,mpp,is_success,no_balance_count,offline_node_count,timeout_exp,attempts,route,total_fee
0,887,2934,99924,3307,3913,0,1,0,0,0,1,5019-59821-25283,4090
1,5131,1488,99826,6138,6934,0,1,0,0,0,1,50613-28368-9906-10370,10108
2,2903,3296,100405,6964,7760,0,1,0,0,0,1,24934-7860-11289-28698,3475
3,697,3825,100430,8346,8346,0,0,0,0,0,1,-1,
4,67,3837,100116,9833,10626,0,1,0,0,0,1,141-50736-50273-35704,6216
5,3686,986,100321,9920,9920,0,0,0,0,0,1,-1,
6,1300,6824,98783,10884,11479,0,1,0,0,0,1,8101-3876-65827,5224
7,1495,2277,100181,11509,12098,0,1,0,0,0,1,16856-21124-18623,7230
8,3834,3924,99664,11548,11949,0,1,0,0,0,1,35074-36030,3244
9,6223,481,99876,11810,12406,0,1,0,0,0,1,62216-46187-19876,2496
10,6471,1015,99573,14943,15342,0,1,0,0,0,1,63704-6095,2546
11,1779,2353,99409,15312,15910,0,1,0,0,0,1,12996-13885-19336,2518
12,6954,1308,100491,16770,18557,0,1,4,0,0,5,66602-4174-36044-8149,6964
13,6963,2113,98363,17230,17829,0,1,0,0,0,1,66656-1459-16559,4154
14,915,3500,100160,17284,17878,0,1,0,0,0,1,45945-54457-30486,3188
15,1669,6117,100472,18671,19667,0,1,1,0,0,2,12188-11519-61585,7183
16,4056,106,99950,18753,19152,0,1,0,0,0,1,38120-31655,1981
17,4122,3681,101112,19758,20361,0,1,0,0,0,1,37983-44168-43799,8453
18,470,4390,100479,21700,22895,0,1,2,0,0,3,10460-17327-42141,3228
19,3446,3980,100740,22734,23333,0,1,0,0,0,1,30374-21241-36220,3830
20,2950,3873,101381,22847,23844,1,0,2,0,0,4,25553-49822-53639-39066,8662
21,4283,3000,100614,23282,24670,0,1,3,0,0,4,40267-52745-58381,6105
22,5899,5958,102054,25626,29415,0,0,6,0,0,7,59264-59140-25954-51297-53024-60118,7743
23,3081,4449,98990,26765,27760,0,0,2,0,0,3,26683-53271-60522-25105-42708,11155
24,1557,3232,99986,26889,27484,0,1,0,0,0,1,11347-16868-43744,2636
25,6702,971,98539,27553,29343,0,1,2,0,0,3,65090-39570-41186-6729,6277
26,1565,2065,99340,27677,29066,0,1,2,0,0,3,21912-17409-17349-16116,7161
27,5508,2234,101099,28968,29565,0,1,0,0,0,1,55898-21267-18149,4242
28,4593,2139,100827,30005,30799,0,1,1,0,0,2,45295-17791-17612,3761
29,749,5412,100769,31739,32536,0,1,0,0,0,1,19355-2177-55592-53546,6295
30,189,3868,99037,32781,33181,0,1,0,0,0,1,52757-36155,4864
31,1892,1036,99588,34029,34426,0,1,0,0,0,1,23541-23658,1744
32,3987,4434,98596,34710,35307,0,1,0,0,0,1,45564-46615-42497,3508
33,3051,2468,99780,35065,35855,0,1,0,0,0,1,26424-28921-27227-20357,5075
34,1924,1529,100159,35404,36002,0,1,1,0,0,2,31509-11005,2908
35,2544,3725,100500,36943,36943,0,0,0,0,0,1,-1,
36,4237,1962,102040,37737,38333,0,1,0,0,0,1,39545-33092-23108,4462
37,558,2102,101206,39952,41345,1,0,2,0,0,4,2731-5093-52047-16440,12029
38,1449,6146,99857,40019,41015,0,1,1,0,0,2,9300-1474-61757,4213
39,848,4886,99828,41319,41917,0,1,0,0,0,1,4725-8008-49221,5759
40,2411,4769,98993,44454,45054,0,1,0,0,0,1,24849-41368-51835,3812
41,4385,176,99845,48487,49282,0,1,0,0,0,1,41692-58015-57510-546,8014
42,5571,1744,99474,49947,49947,0,0,0,0,0,1,-1,
43,6740,1533,99784,51583,52180,0,1,0,0,0,1,65322-55821-11034,7153
44,3855,660,99978,51602,52001,0,1,0,0,0,1,34452-10924,3998
45,1,4615,99922,51980,52579,0,1,0,0,0,1,18659-44169-45650,6923
46,287,6569,100268,53483,54082,0,1,0,0,0,1,22879-22997-64295,4447
47,4049,2890,100583,53753,54349,0,1,0,0,0,1,37345-52745-24814,4921
48,355,306,101102,53891,54284,0,1,0,0,0,1,52701-56784,1254
49,1554,1633,100324,54060,55057,0,1,1,0,0,2,11319-8218-8182-11952,4912
50,5163,5655,100278,54740,55340,0,1,0,0,0,1,51142-21265-56073,3422
51,2826,469,99486,55015,55612,0,1,0,0,0,1,24707-50023-2308,4497
52,7,518,100910,55363,55761,0,0,1,0,0,2,14-3071-2608,7285
53,3789,4306,99747,57156,57755,0,1,0,0,0,1,46783-52735-40548,6834
54,2542,3433,99815,57176,58772,0,1,3,0,0,4,21072-13319-40655-29660,8381
55,2392,2355,100684,58658,59253,1,0,1,0,0,3,19637-260-21520,10072
56,3706,1622,98606,60114,61109,0,1,1,0,0,2,39199-30967-19306-11883,5688
57,2673,4551,101885,61043,61642,0,1,0,0,0,1,22526-42368-46748,6451
58,5595,4677,99162,62246,63042,0,1,1,0,0,2,55117-52676-50524,3848
59,5232,2074,100006,64527,65315,0,1,0,0,0,1,51512-57630-57633-16191,6361
60,5751,5756,99526,65284,65879,0,0,1,0,0,2,57487-53002-20275-57288,5131
61,4788,2986,100992,66192,66794,0,1,0,0,0,1,47865-46623-25866,5216
62,1122,4987,99163,66374,67167,0,1,0,0,0,1,7044-1923-58441-49550,5822
63,3159,984,101638,66382,67377,0,1,1,0,0,2,27531-53239-53220-5583,8262
64,318,6268,99975,67783,68381,0,1,0,0,0,1,1060-17430-62487,3248
65,3609,6059,100846,68520,69911,0,1,2,0,0,3,52305-24586-7046-61233,6324
66,5443,4190,98693,69555,70147,0,1,0,0,0,1,55009-13439-39232,6654
67,3106,1338,100184,71565,72566,0,1,1,0,0,2,26962-31777-36044-8438,7085
68,2069,4942,99978,72338,73134,1,0,1,0,0,3,16160-39959-58441-49461,16928
69,4380,3903,99607,75958,76755,0,1,1,0,0,2,44844-25548-36082,6695
70,126,6225,100398,78264,78264,0,0,0,0,0,1,-1,
71,1331,587,101394,78552,79150,0,1,0,0,0,1,8416-6393-2897,5073
72,6850,5120,100400,78752,79346,0,1,0,0,0,1,65980-32009-50498,2326
73,400,3908,100288,78874,79272,0,1,0,0,0,1,32301-40338,1351
74,5436,3362,101454,80703,81302,0,1,0,0,0,1,53716-41300-30314,6445
75,3310,3084,101351,80833,81828,0,1,1,0,0,2,28775-32932-56733-28028,4942
76,222,4971,98989,82290,82886,0,1,0,0,0,1,912-58441-49518,4166
77,795,1866,102004,83307,84099,0,1,1,0,0,2,4366-1232-16195,3163
78,5859,4970,98011,83918,84916,0,1,1,0,0,2,58389-52661-52994-49516,8210
79,1942,3013,99846,86618,87210,0,1,0,0,0,1,14885-1397-26068,4741
80,631,5182,100222,89927,90522,0,1,0,0,0,1,3207-41422-54605,6951
81,6171,3045,99684,90771,91367,0,1,0,0,0,1,61906-4202-26343,3506
82,3242,2925,98338,94944,95344,0,1,0,0,0,1,49891-25198,1044
83,3790,5259,101324,95694,96094,0,1,0,0,0,1,41023-51769,1316
84,3896,5717,100172,96248,96646,0,1,0,0,0,1,46834-56782,1247
85,5420,4987,101631,98769,99367,0,1,0,0,0,1,53564-53377-49550,3849
86,303,3771,98655,99554,100351,0,1,0,0,0,1,1001-58697-25446-33343,4226
87,886,4797,99023,104907,105305,0,1,0,0,0,1,5004-57998,1495
88,2139,3942,100010,106839,107235,0,1,0,0,0,1,17608-35788,1875
89,6460,5319,99016,107522,109317,0,1,3,0,0,4,63640-23104-10614-52593,10123
90,6715,1565,99659,108656,109653,0,1,1,0,0,2,65168-1536-21913,5935
91,6080,781,100109,109156,110354,0,1,2,0,0,3,61362-11750-52753-26282,5211
92,6966,1180,99140,110350,110947,0,1,0,0,0,1,66674-6203-7326,4836
93,511,4546,100106,110734,113324,0,1,5,0,0,6,4610-6502-32631-44532,8029
94,793,4668,100365,112369,113363,0,1,1,0,0,2,4350-54497-54285-46285,5855
95,2072,1627,99659,112980,113577,0,1,0,0,0,1,16178-52731-48363,4728
96,4644,1007,100832,114870,115666,0,1,0,0,0,1,45891-53002-16452-6133,6230
97,2666,56,99114,118280,119482,0,1,2,0,0,3,47282-52729-122,8911
98,73,5045,101393,120348,120348,0,0,0,0,0,1,-1,
99,1276,5191,100889,120457,121451,0,1,1,0,0,2,7879-39251-51223-51134,13842
100,2855,6667,100784,120476,121274,0,1,0,0,0,1,24652-3139-26391-64883,4924
101,930,3745,99277,121865,122264,0,1,0,0,0,1,52739-52408,1413
102,5860,1652,100093,123293,123893,0,0,1,0,0,2,58471-44653-16871-12066,6581
103,4848,1331,100889,123488,124677,0,1,0,0,0,1,48577-52150-51627-42674-39994-8417,14605
104,1459,3744,98585,125115,126710,0,1,2,0,0,3,9376-5601-48074-31981-32983,6074
105,2816,5681,98257,136038,137232,0,1,1,0,0,2,24005-8562-41287-41293-56318,8706
106,5954,5361,98742,136175,138362,0,1,4,0,0,5,60109-55834-58441-53370-53354,11227
107,3222,3841,98576,137628,138425,0,1,0,0,0,1,28050-18466-55603-53563,7435
108,5153,1357,100013,137685,139277,0,1,4,0,0,5,64141-64138-9576-13604,6538
109,2831,6940,98920,141907,142304,0,1,0,0,0,1,43552-66523,2068
110,1119,1870,100327,142990,143388,0,1,0,0,0,1,7013-14234,3723
111,444,2812,98572,143235,143826,0,0,1,0,0,2,2161-1739-8938-23981,4298
112,200,4797,100030,143359,143359,0,0,0,0,0,1,-1,
113,5832,4497,100306,143475,145267,0,0,5,0,0,6,58183-45948-59476-43781,8935
114,818,5307,101456,144979,145782,0,1,0,0,0,1,4530-23315-45219-52522,7993
115,778,6159,99261,145568,146165,1,0,1,0,0,3,4261-43534-61833,10506
116,1817,653,99870,147818,148617,0,1,0,0,0,1,13806-9444-8245-3323,4237
117,6044,4830,99563,148686,149279,0,1,0,0,0,1,61146-42615-48352,3619
118,876,438,100705,149158,149757,0,1,0,0,0,1,4914-10664-2124,5118
119,5159,985,101382,149501,150099,0,1,0,0,0,1,50887-20426-6935,5474
120,881,5708,99789,149768,150561,0,1,0,0,0,1,7994-22109-59585-56707,4698
121,3774,3062,98813,150034,151037,0,1,1,0,0,2,33410-23772-20774-26531,4582
122,3071,5627,98725,150686,151284,1,0,2,0,0,4,26596-50211-50917-55634,9762
123,659,6962,100774,152669,153267,0,1,0,0,0,1,16366-13885-66655,2603
124,5870,2553,99292,153131,153930,0,1,0,0,0,1,58664-58240-52870-21275,5808
125,146,4149,101459,154170,154965,0,1,0,0,0,1,414-37407-65053-65050,5472
126,5546,3594,100449,154170,154567,0,1,0,0,0,1,54702-31345,2463
127,678,3221,100332,154716,156111,0,1,2,0,0,3,3516-6563-24387-28038,3852
128,2402,424,99507,155171,156569,0,1,2,0,0,3,20532-4430-21757-2055,8536
129,3953,850,99985,155670,156468,0,1,0,0,0,1,46768-23818-590-4741,4956
130,4318,873,100463,156110,156510,0,1,0,0,0,1,41925-23747,2628
131,2917,915,99893,156493,157087,0,1,0,0,0,1,25126-37423-36600,4064
132,1063,1739,101550,156856,157849,0,1,1,0,0,2,6447-1676-35569,4573
133,5922,5366,98754,157894,159685,0,1,3,0,0,4,59592-51556-51633-53376,4912
134,2525,6086,99750,158753,159747,0,1,1,0,0,2,66867-66870-60241-61399,10833
135,4136,6481,99566,159023,162007,0,1,4,0,0,5,38199-43018-42280-44419-63767,11010
136,1150,285,100214,160118,161112,0,0,3,0,0,4,7200-28041-16083-944,6969
137,5461,6748,100500,163349,164144,0,1,1,0,0,2,53946-31677-65371,5172
138,2887,3501,101577,164014,164610,0,1,0,0,0,1,51738-58783-30489,3912
139,2394,4936,98690,165057,166455,0,1,2,0,0,3,19641-32109-49356-49446,10541
140,5844,1443,99361,167405,168396,0,1,1,0,0,2,58281-44176-17784-9245,7827
141,4934,2144,100538,169111,169710,1,0,2,0,0,4,49443-52992-13196-17051,20012
142,6368,4728,101859,171501,172101,0,1,0,0,0,1,63086-60328-57945,3236
143,4163,3816,98934,173623,173623,0,0,0,0,0,1,-1,
144,6961,3540,100571,174859,176052,0,1,2,0,0,3,66646-51025-48114-30804,10258
145,5422,4135,99543,178370,179163,0,1,0,0,0,1,53590-56231-53298-43019,6093
146,3010,4678,101903,178681,179278,0,1,0,0,0,1,26197-41836-46453,6020
147,159,2318,100511,180270,181065,0,1,0,0,0,1,482-9444-8245-19007,4231
148,1612,4567,100094,180298,180298,0,0,0,0,0,1,-1,
149,3504,5817,98949,183187,183587,0,0,1,0,0,2,58681-57488-58052,3931
150,1878,2594,102298,183569,184164,0,1,0,0,0,1,14286-7737-24334,5973
151,1849,2613,100017,187288,188081,1,0,2,0,0,4,14071-3409-22020,14781
152,1714,4132,100266,187502,189093,0,1,1,0,0,2,66239-66240-42034-43610-38155,11606
153,4027,5609,99151,187526,188324,0,1,0,0,0,1,36964-29211-50017-55351,6218
154,5394,2594,99169,187654,187654,0,0,0,0,0,1,-1,
155,3188,4967,100515,188738,189933,0,1,1,0,0,2,27754-30066-51633-49510,7706
156,6455,5507,99856,191071,191867,0,1,0,0,0,1,63612-21418-52611-54320,7572
157,5926,1900,100756,191195,191793,0,1,0,0,0,1,59626-23773-14653,6387
158,5503,610,100977,191993,192790,0,1,1,0,0,2,54293-23700-24451,2646
159,2368,4284,98542,192727,193322,0,1,0,0,0,1,19446-54805-40289,3092
160,2322,4863,100835,193404,194198,0,1,0,0,0,1,19084-42139-41941-48908,6620
161,4609,6791,101386,195157,195956,0,1,0,0,0,1,45835-23031-51920-65627,4634
162,1177,2881,99830,196578,197576,0,1,1,0,0,2,7480-47539-26844,7055
163,3242,6873,99811,196874,198066,0,1,1,0,0,2,49891-52737-44984-66121,7515
164,2381,3377,99080,198765,199761,0,1,1,0,0,2,19538-38800-46737-29044,4301
165,4533,4475,99662,200017,200614,0,1,0,0,0,1,44475-51930-43317,3987
166,5259,473,99527,200806,201804,0,1,1,0,0,2,51768-50023-2340,5585
167,1950,4520,99671,202146,202146,0,0,0,0,0,1,-1,
168,3864,6938,101333,202708,203507,0,1,0,0,0,1,34527-39574-12696-66507,3994
169,1837,1955,99601,202822,203621,0,1,0,0,0,1,13997-16836-16838-14987,3841
170,4852,3985,98675,204194,204988,0,1,0,0,0,1,51842-43683-43676-38085,6582
171,1743,4864,99494,205776,206177,0,1,0,0,0,1,12665-55808,2217
172,3673,6785,100560,205869,206661,0,1,0,0,0,1,34766-50493-598-65589,6295
173,2423,1891,99671,206286,206885,0,1,0,0,0,1,19899-11516-20473,3355
174,1623,6303,101553,209122,210519,0,1,1,0,0,2,11884-52035-32637-62701,7618
175,6005,6645,100363,209627,210223,0,1,0,0,0,1,60907-44999-64753,4304
176,6487,5002,100643,210655,212450,0,1,2,0,0,3,63800-55256-51633-49581,5964
177,53,4411,100913,212181,213176,0,1,1,0,0,2,118-30049-40325-42170,6422
178,4348,3910,99770,212255,212650,1,0,1,0,0,3,41444-36215,4778
179,6305,2779,101069,214250,214848,0,1,0,0,0,1,62708-15673-46532,3016
180,5277,2915,99161,215916,216909,0,1,1,0,0,2,52086-39312-25105,7218
181,30,6916,100351,216185,216783,0,1,0,0,0,1,1608-10307-66377,3746
182,7000,6723,99603,216830,217424,0,1,0,0,0,1,66880-16630-65221,3353
183,2564,3175,100754,218007,218604,0,1,0,0,0,1,21440-14346-27665,3887
184,3852,3982,100976,218940,219737,0,1,1,0,0,2,34421-37777-36250,3500
185,5201,3167,100991,219073,219671,0,1,0,0,0,1,51229-52094-27863,4571
186,6795,4296,98986,220029,220424,0,1,0,0,0,1,65648-40500,2217
187,4675,1058,99076,220656,221250,0,1,0,0,0,1,46818-5092-6404,7712
188,1933,6259,100717,223454,224047,0,1,0,0,0,1,18519-25029-62435,4108
189,2112,307,97739,224944,225538,0,1,0,0,0,1,16552-22947-1012,6730
190,5350,443,100892,225675,226473,0,1,0,0,0,1,53181-22666-1653-2156,7975
191,414,2247,98998,227754,228156,0,1,0,0,0,1,15402-18290,2345
192,4314,610,100624,228103,229089,0,1,2,0,0,3,49883-52703-24451,6033
193,4659,5692,100489,228542,229140,0,0,1,0,0,2,51265-43025-51835-56528,8017
194,2164,3930,99020,233893,235287,0,0,3,0,0,4,37356-28732-23877-35516,6862
195,4782,5200,99319,233989,234589,0,1,0,0,0,1,47853-42660-51220,8198
196,6000,4789,97625,234141,235136,0,1,1,0,0,2,60887-60458-47910-47897,3736
197,172,2725,99390,235310,236109,0,0,2,0,0,3,537-2478-7934-23182,5208
198,2898,4385,98611,235667,236465,0,1,0,0,0,1,28822-53223-53230-41693,8621
199,4503,5917,100683,235984,236778,0,1,0,0,0,1,43826-53002-53005-60091,6004
200,5930,1203,100384,237407,238004,0,1,0,0,0,1,60117-41296-14239,5197
201,247,3916,99423,237725,238526,0,1,1,0,0,2,23239-10475-35792,2644
202,1778,5552,101209,238839,239639,1,0,1,0,0,3,12977-23315-45219-54784,8822
203,843,4799,99768,240296,242885,0,1,4,0,0,5,4687-18433-19144-48300,9806
204,5751,4278,101258,240899,241498,0,1,0,0,0,1,57487-44168-40104,5136
205,114,3562,101133,242032,242626,0,1,0,0,0,1,281-52728-33994,4286
206,3467,273,101213,244104,244504,0,1,0,0,0,1,55257-890,1180
207,6811,4318,100035,245622,246415,0,1,1,0,0,2,65744-3469-41924,3350
208,6319,267,99779,245955,247344,0,1,2,0,0,3,62792-27244-53013-16750,6400
209,6305,2997,100128,247535,248134,0,1,0,0,0,1,62708-24525-27454,7545
210,6457,3513,100374,248857,249451,0,1,0,0,0,1,63624-10085-30546,3549
211,5079,5894,97891,249467,250461,0,1,1,0,0,2,57381-52699-59900,5395
212,513,4599,99497,249996,250396,0,1,0,0,0,1,13299-45718,1600
213,4275,2761,99744,250008,250206,0,1,0,0,0,1,40001,0
214,3990,705,99214,251244,251841,0,1,0,0,0,1,56967-21442-3677,3489
215,2360,3027,99674,252389,253589,0,1,2,0,0,3,19388-2521-2906-26167,5203
216,6020,3690,100189,253505,254105,0,1,0,0,0,1,61000-50017-32477,7074
217,2866,3660,98989,253651,254246,1,0,1,0,0,3,24585-23612-33929,10246
218,6742,6086,100004,254369,254962,0,1,0,0,0,1,65332-60236-61399,8369
219,5068,4910,99478,254819,255614,0,1,0,0,0,1,50053-27428-32109-49382,7858
220,2294,5867,100124,254985,255382,0,1,0,0,0,1,18857-58628,4591
221,4487,3900,99965,256145,256740,0,1,0,0,0,1,44947-51289-48888,5997
222,5604,5794,97757,256844,257644,0,1,1,0,0,2,56504-57492-57693,6564
223,5717,3039,101423,257277,258273,0,1,1,0,0,2,56783-23538-26269,5684
224,3147,1358,101427,258611,259208,0,1,0,0,0,1,27386-4203-8611,6248
225,5976,5334,98568,260657,261057,0,1,0,0,0,1,60375-55170,4982
226,3370,6778,100367,260796,261591,0,1,0,0,0,1,29031-36636-36478-65549,6109
227,6929,6870,100648,264202,264998,0,1,1,0,0,2,66454-11048-66099,4678
228,32,4468,98663,267873,268664,0,1,0,0,0,1,69-10408-9555-43195,6599
229,3245,955,100556,270385,271183,0,1,1,0,0,2,30299-7736-5399,4013
230,201,6108,99503,270539,271335,0,1,1,0,0,2,5461-58696-61531,2723
231,5504,614,100543,272127,272922,0,1,0,0,0,1,54294-53455-6572-3211,5780
232,393,597,98756,274241,274638,0,0,1,0,0,2,1830-7736-2960,3304
233,6814,4056,99503,274746,275341,0,1,0,0,0,1,65766-48279-38121,3219
234,4587,865,100158,274922,274922,0,0,0,0,0,1,-1,
235,2439,2705,100148,275696,276290,0,1,0,0,0,1,20396-5952-23171,3164
236,1042,1050,99198,277408,278000,0,1,0,0,0,1,6288-769-6528,4448
237,2395,3978,100230,277754,278749,0,1,1,0,0,2,19650-9692-36535,3907
238,790,5952,99417,277832,278627,1,1,1,0,0,3,4339-2242-53005-60104,9824
239,6829,4560,99742,278918,279316,0,1,0,0,0,1,65856-45242,4982
240,4598,6461,100352,279910,281503,0,1,4,0,0,5,45532-57080-63647,5001
241,524,4254,101233,280679,281276,0,1,0,0,0,1,2569-53221-53005,2910
242,3655,4801,99182,280753,281546,0,1,1,0,0,2,32229-11062-50517,5325
243,1787,2701,101388,281146,281942,0,1,0,0,0,1,13661-10145-47639-22742,5011
244,1041,5561,99292,282164,282559,0,0,1,0,0,2,32522-42615-54814,2325
245,1493,6845,101617,283165,285351,0,1,3,0,0,4,19426-56044-20922-10243-65949,6343
246,3309,681,99757,286565,289155,0,1,6,0,0,7,28773-45910-45357-3532,8311
247,1030,2750,101020,288132,288927,0,1,0,0,0,1,6197-7250-42369-23389,9891
248,2720,2046,100543,288809,289403,0,1,0,0,0,1,57399-3487-15934,7110
249,5485,3028,100576,289321,289916,0,1,0,0,0,1,54089-58240-54436,4253
250,2979,5733,100731,289343,289744,0,0,1,0,0,2,25823-46622-56858,8584
251,1820,5205,99347,290665,291263,0,1,0,0,0,1,13814-40165-51238,4752
252,5865,4111,98987,291287,292283,0,0,3,0,0,4,59078-10450-13585-37926,4263
253,4189,5754,100208,293984,294779,0,1,1,0,0,2,48094-41688-57275,4305
254,3154,4801,98705,294689,295490,0,1,1,0,0,2,27464-10040-50517,5735
255,5538,795,99292,296005,296603,0,1,0,0,0,1,54565-23476-22159,4593
256,2477,5108,99338,296005,297199,0,1,1,0,0,2,20451-19434-44169-50408,9523
257,3685,4754,98097,298144,298943,1,0,1,0,0,3,32443-28902-29328-47502,9384
258,1896,485,101011,298553,299951,0,1,2,0,0,3,18280-7630-8423,6717
259,3876,921,99856,302999,303996,0,1,1,0,0,2,34676-12627-1115-5209,7015
260,3824,4110,100524,304529,305725,0,1,1,0,0,2,37143-43768-48231-37918,8548
261,5257,3959,101065,306336,307531,0,1,2,0,0,3,51727-53009-10508-35961,7454
262,3741,2870,100871,307279,307877,0,1,0,0,0,1,33203-20154-24638,5091
263,5537,156,98067,309281,309281,0,0,0,0,0,1,-1,
264,2540,4509,100191,312963,313768,0,1,0,0,0,1,21068-42139-41941-43922,5924
265,5858,899,98956,314679,316476,0,1,3,0,0,4,58362-31583-35627-5086,6826
266,6786,5382,100344,315517,316716,0,1,1,0,0,2,65594-5701-4513-53438,5010
267,4437,3538,100591,315891,316491,0,1,0,0,0,1,45248-33829-33338,2817
268,1906,1157,100810,316061,317458,0,1,2,0,0,3,14509-52736-22580-48245,5946
269,1363,2717,102751,317362,317955,0,1,0,0,0,1,8638-3-56790,6965
270,3765,73,98475,317729,318326,0,1,0,0,0,1,34433-52729-160,6962
271,4369,6223,100755,318588,319182,0,1,0,0,0,1,41573-28074-62217,4513
272,6124,1588,100828,320850,321646,0,1,0,0,0,1,61626-12859-12844-11564,6576
273,1639,4135,99838,321130,321728,0,1,0,0,0,1,11989-22464-44615,5935
274,4120,796,99337,321712,321712,0,0,0,0,0,1,-1,
275,5801,897,100463,321719,322720,0,1,0,0,0,1,57782-52536-56891-21526-5078,9646
276,4253,3221,99730,321728,322323,0,1,0,0,0,1,39790-49915-28038,4752
277,5182,843,100463,321776,322374,0,1,0,0,0,1,54604-41423-4686,5922
278,5355,1468,98979,329555,330346,1,0,1,0,0,3,53343-55594-53220-9437,12250
279,3530,926,101392,332008,332613,0,1,0,0,0,1,31353-23476-5233,4892
280,4985,354,100614,332024,332622,0,1,0,0,0,1,49546-52992-15057,3188
281,3687,4756,99698,333304,334102,0,1,0,0,0,1,45884-47354-39112-47519,4493
282,4075,5429,100818,334094,334888,0,1,0,0,0,1,44694-37447-43785-53698,6636
283,1445,2998,99912,334124,334719,0,1,0,0,0,1,9251-1704-47288,5032
284,689,6124,98730,336179,336378,0,1,0,0,0,1,61627,0
285,3179,1998,99386,337210,337806,0,0,1,0,0,2,27705-8218-8182-15395,7281
286,3434,4891,99945,337341,338532,0,1,1,0,0,2,29620-45787-46280-51066-49250,5981
287,1332,4753,99057,337688,338482,0,1,0,0,0,1,20718-18651-19435-47497,4562
288,6780,5160,98241,337975,338571,0,1,0,0,0,1,65560-11761-50918,4000
289,954,3828,100052,340697,341291,0,1,0,0,0,1,15633-32063-34232,4742
290,780,5127,102879,340735,341132,0,1,0,0,0,1,4733-54706,1639
291,6951,6470,101166,341141,342730,0,1,1,0,0,2,66584-50089-19631-22498-63699,10002
292,5324,776,99763,341248,341844,0,1,0,0,0,1,52612-3-48632,4040
293,3306,2814,100316,342212,343007,0,1,0,0,0,1,28767-52991-53306-23992,7854
294,3528,1288,100080,343172,343764,0,1,0,0,0,1,30667-45787-7978,2528
295,1657,277,100433,345723,347118,0,0,2,0,0,3,12109-55774-38000-65189-65190,12121
296,1655,3982,99605,348767,349166,0,1,0,0,0,1,12364-36259,4965
297,678,2122,99888,348957,348957,0,0,1,0,0,2,3516-14409-14441-16714,5317
298,2172,1327,102771,351778,352175,0,1,0,0,0,1,17480-17667,1187
299,6839,5085,98991,351956,352952,0,1,1,0,0,2,65916-52683-51484,7813
300,1548,6687,101351,352360,353747,0,1,2,0,0,3,11253-6545-65005,5971
301,3169,4643,98714,353492,354086,0,1,0,0,0,1,60651-46179-45888,5672
302,1566,2334,98336,353646,354245,0,1,0,0,0,1,12829-6842-19183,4842
303,230,2080,98548,354409,355011,0,1,0,0,0,1,735-27208-23431,4089
304,6812,412,100170,356635,357429,0,1,1,0,0,2,65750-32516-1981,5685
305,1579,2434,99438,356767,357362,0,1,0,0,0,1,11480-438-19986,5949
306,3497,5535,101235,358057,359651,0,1,2,0,0,3,30419-33965-40457-57354-54660,10971
307,5047,58,99837,358654,359248,0,1,1,0,0,2,50861-52754,2348
308,4081,4119,99758,359517,360310,0,1,0,0,0,1,37546-35441-35355-49856,5792
309,3007,4165,100819,360898,361696,0,1,0,0,0,1,38366-49769-49790-38660,5359
310,5086,6576,102292,362813,363612,0,1,0,0,0,1,50278-50253-1216-64337,4056
311,1345,2953,99490,366160,366558,0,1,0,0,0,1,14642-25599,2400
312,5813,1488,98669,367244,368036,0,1,0,0,0,1,58611-26192-9941-10370,10271
313,2239,4671,100108,367681,368476,0,1,0,0,0,1,64135-64130-16790-46318,11440
314,1725,6648,100694,368839,369438,0,1,0,0,0,1,25888-43372-64769,2518
315,5172,4645,101334,369047,369847,0,1,0,0,0,1,51009-53002-20275-47022,7318
316,3112,3228,101053,369345,370338,0,1,1,0,0,2,27052-28453-15707-28109,7864
317,2338,4804,100434,371734,372132,0,0,1,0,0,2,25227-25572-48416,3274
318,4234,913,100751,375897,376497,0,1,0,0,0,1,39527-1556-5161,2310
319,1389,1141,99271,376001,379393,0,1,8,0,0,9,8798-11659-9568-10935,6777
320,2423,3487,98940,376712,377311,0,0,1,0,0,2,19899-53221-53238-30267,5806
321,524,5298,98805,378889,379882,0,1,1,0,0,2,2569-40587-40926-54597,3984
322,68,2023,98679,379800,380401,0,1,0,0,0,1,147-6007-15730,6216
323,992,2348,99259,380595,380991,0,1,0,0,0,1,41156-30180,1727
324,6275,2347,98680,381623,382420,0,1,0,0,0,1,62530-8868-13223-19288,6086
325,3660,5863,99403,382410,383000,0,1,0,0,0,1,32294-261-58788,3090
326,6900,281,100606,382868,383667,0,1,1,0,0,2,66280-11471-6020,5463
327,1075,6458,98998,383786,384382,0,1,0,0,0,1,6896-275-63629,2958
328,5645,1744,100816,383985,384781,0,1,1,0,0,2,56659-31912-12672,3472
329,5430,4767,98112,384516,384912,0,1,0,0,0,1,53700-58598,3746
330,5902,3330,98955,386057,386852,0,1,0,0,0,1,59308-57171-38465-28836,5804
331,6833,5541,100348,386225,387418,0,1,1,0,0,2,65878-57533-57240-54612,9079
332,1463,6244,100059,386791,387580,0,1,1,0,0,2,9394-38889-62343,4057
333,5649,2628,101154,387616,388214,0,1,0,0,0,1,55982-14822-22128,4099
334,998,6396,100541,388198,390983,0,1,4,0,0,5,5673-8218-8182-6169-63257,11085
335,4927,1318,101268,389043,391223,0,1,3,0,0,4,49429-60518-51249-15286-8225,7338
336,1798,2658,100504,390104,390697,0,1,0,0,0,1,13269-6812-22355,6392
337,641,6046,99442,390861,391657,0,1,1,0,0,2,3275-22910-61155,4611
338,2243,6041,100738,390934,392125,0,1,2,0,0,3,18247-52997-53008-61125,5299
339,2137,5750,99879,391430,392627,0,1,1,0,0,2,17888-12835-17029-57304,6932
340,4424,5525,99660,391885,393279,0,1,2,0,0,3,42420-46515-46525-54410,5758
341,6745,6660,101945,392301,393499,0,1,1,0,0,2,65350-30019-8884-64841,7946
342,2615,4900,99388,392817,393215,0,0,1,0,0,2,53912-32109-49362,5487
343,6421,5350,99952,392996,394001,0,1,1,0,0,2,63408-1672-1420-53180,5545
344,4988,5816,101085,395839,396435,0,0,1,0,0,2,49553-53978-58783-58051,9919
345,1563,860,99444,396572,397371,0,1,1,0,0,2,11371-6186-8298,5780
346,177,1469,98385,398679,399079,0,1,0,0,0,1,37841-9438,1572
347,3838,4389,99048,399749,400546,0,1,1,0,0,2,35594-49855-41778,8527
348,6187,1401,100919,400554,401552,0,1,2,0,0,3,62000-8950-11511,7324
349,6185,3189,99973,401138,401933,0,1,0,0,0,1,61988-10430-9271-27764,5212
350,3209,2961,100286,404249,408426,0,1,7,0,0,8,27949-51028-25259-21519-42662-42401,12257
351,5788,3559,101784,404860,405260,0,1,0,0,0,1,57633-30977,4919
352,4540,6088,100095,405018,405616,0,1,0,0,0,1,44478-35805-61409,6624
353,5033,6871,99586,406752,407551,0,1,0,0,0,1,49646-52995-27307-66105,7765
354,5557,6282,101151,406982,407776,0,1,0,0,0,1,54795-51630-55753-62573,4161
355,1701,4625,101209,409348,411142,0,1,3,0,0,4,12401-28561-42615-45738,6450
356,1144,4026,100745,409941,411336,0,1,2,0,0,3,7170-40667-40590-36955,7099
357,4377,495,101281,410743,411931,0,1,2,0,0,3,63075-63078-2462,9291
358,899,2806,99405,411722,412522,0,1,1,0,0,2,5087-2242-23957,4057
359,5697,3980,97023,413289,413686,0,1,0,0,0,1,56901-36220,1477
360,6068,6515,100506,414343,414743,0,1,0,0,0,1,61290-63971,3450
361,2586,5697,101495,415309,415904,1,0,1,0,0,3,21675-1738-56619,9568
362,4827,1677,98760,416691,417883,0,0,3,0,0,4,48347-44848-45929-12248,8274
363,87,6526,99691,419381,419980,0,1,0,0,0,1,28474-48789-64037,2497
364,3803,4187,100306,419614,419614,0,0,0,0,0,1,-1,
365,4055,1766,98281,420389,421185,0,1,0,0,0,1,37272-35669-52661-12876,8462
366,1888,1522,98771,420566,421166,0,0,1,0,0,2,14360-5668-5596-10981,6773
367,4982,4017,98939,421346,422148,0,1,0,0,0,1,49541-52995-53302-36898,10666
368,3527,936,99142,422740,423333,0,1,0,0,0,1,32593-6842-17835,3519
369,1245,1626,99711,423429,424424,0,1,1,0,0,2,8160-47593-24764,6659
370,2610,5287,99819,424882,425475,0,1,0,0,0,1,22005-42661-52268,7753
371,1831,4083,100409,426155,426752,0,1,0,0,0,1,13963-13772-37751,3113
372,597,1784,98717,426569,427567,0,1,1,0,0,2,2961-3594-3691-13128,7754
373,5468,1218,99627,428648,429644,0,1,1,0,0,2,53986-57616-57611-7802,4273
374,1973,4841,99296,430124,431717,0,1,1,0,0,2,15196-18475-20226-63657-63660,14216
375,5065,1680,100681,431068,431662,0,1,0,0,0,1,60819-36552-12266,5957
376,3141,3175,96826,432687,433282,0,1,0,0,0,1,27284-8292-27665,4246
377,6947,4509,100864,434486,436676,0,0,4,0,0,5,66562-54643-65947-65942-43922,10621
378,2605,6371,99984,434598,435196,0,1,0,0,0,1,29716-2823-63107,6961
379,2422,1863,99433,434646,435239,0,1,0,0,0,1,50955-55774-14155,7958
380,354,1768,100768,434910,436099,0,0,5,0,0,6,40599-22431-12886,4092
381,6135,4222,99717,435095,435892,0,1,0,0,0,1,61688-37487-31850-39382,4307
382,6944,3155,100898,436681,437282,0,1,0,0,0,1,66542-63278-48292,6030
383,4022,2596,98516,436865,437860,0,1,2,0,0,3,37125-31233-21799,3244
384,4542,6300,98848,436958,438940,0,1,3,0,0,4,59990-40046-18414-62681,6979
385,4843,3400,101753,437958,438556,0,1,0,0,0,1,53654-35251-29144,4625
386,4282,865,101929,440266,440860,0,1,0,0,0,1,40255-3934-4849,2477
387,3239,6458,99152,441057,441057,0,0,0,0,0,1,-1,
388,4370,5647,100796,441711,443310,0,1,3,0,0,4,41574-51153-27096-56097,6444
389,2220,2490,99020,444298,444693,0,1,0,0,0,1,17912-47799,1875
390,5963,4158,98527,444750,445541,0,1,1,0,0,2,60180-49915-38614,5260
391,374,2235,101016,447680,448275,0,1,0,0,0,1,5993-6030-18160,2311
392,3301,750,102145,447696,450692,0,1,7,0,0,8,28757-45910-45357-4122,6940
393,3929,4232,99136,451586,453380,0,1,2,0,0,3,35511-47189-48852-41467-39521,8635
394,1174,167,99016,456569,457168,0,1,0,0,0,1,7311-6639-502,7623
395,534,927,99254,457187,457781,0,1,0,0,0,1,17049-8170-5235,7141
396,5094,5206,100379,457402,458000,0,1,0,0,0,1,51774-47895-51244,4160
397,2888,4253,101519,459297,459894,0,1,0,0,0,1,24804-6870-39791,6542
398,5291,2189,99630,460382,460779,0,0,1,0,0,2,52559-17861-17662,9203
399,1689,2216,100103,461430,462820,0,1,2,0,0,3,12315-6812-20165,6401
400,3357,3675,100947,461541,461938,0,1,0,0,0,1,28988-35797,2540
401,1745,2387,99513,464160,464761,0,1,0,0,0,1,12717-7736-19594,2926
402,6539,2258,99222,467030,468028,0,1,1,0,0,2,64116-18309-18410,4980
403,3668,2077,101152,468311,469107,0,1,1,0,0,2,32335-13868-16276,5704
404,216,837,99941,468362,469356,0,1,2,0,0,3,47589-37406-4633,5277
405,3641,5847,99028,469797,470786,0,1,0,0,0,1,31957-28440-44905-55835-58288,8790
406,6585,5429,101761,470520,471510,0,1,1,0,0,2,64392-32557-43785-53698,6995
407,5414,2052,101027,470613,471411,1,0,1,0,0,3,53550-55590-13127-16192,18624
408,2485,6852,100160,470861,471259,0,1,0,0,0,1,41147-65991,2391
409,6586,2670,100252,471083,472476,0,0,5,0,0,6,64394-43372-16007-22510,5402
410,4024,3292,99983,471453,472247,0,1,0,0,0,1,36936-60431-34077-28622,7557
411,2660,4029,98590,473766,474158,0,1,0,0,0,1,23621-41543,1026
412,3766,4345,98279,475453,476249,0,1,0,0,0,1,33211-16713-58646-41407,6438
413,4163,4320,100972,475638,475638,0,0,0,0,0,1,-1,
414,2032,1984,98510,476304,477101,1,0,1,0,0,3,15829-24372-24425-15300,12246
415,2619,6864,101308,476663,477264,0,1,0,0,0,1,22050-10626-66067,3559
416,5557,1940,99297,477564,478355,0,1,1,0,0,2,54795-48230-48223,4443
417,998,4053,100421,477942,479333,0,1,1,0,0,2,5673-18714-12767-35474-37257,8616
418,5040,2800,101343,479157,479951,0,1,0,0,0,1,49680-53251-53306-23932,6911
419,4534,4944,101307,483729,484525,0,0,2,0,0,3,44330-51556-51633-49465,8393
420,4732,5619,101111,484484,485082,0,1,0,0,0,1,47303-5158-60381,3199
421,2820,515,100874,485124,485522,0,1,0,0,0,1,24549-9182,2979
422,3022,3769,98829,485379,486575,0,1,1,0,0,2,31714-41505-43241-33313,6494
423,3916,1179,100715,486978,487970,0,1,2,0,0,3,35296-727-7324,4719
424,4872,6035,97942,487134,487734,1,0,1,0,0,3,49023-50023-61093,10414
425,6254,3572,99722,488415,489016,0,1,0,0,0,1,62404-27081-31122,3505
426,6965,3547,101095,489700,490294,0,1,0,0,0,1,66668-38842-30905,3365
427,4955,5761,99020,491594,492394,1,0,2,0,0,4,49487-52992-58676-51601-57323,12616
428,2032,1374,102091,492589,492589,0,0,0,0,0,1,-1,
429,1227,2798,100814,492631,493618,0,1,1,0,0,2,7620-6393-5050-23908,3923
430,236,4694,100639,494329,495119,0,1,1,0,0,2,46143-54463-46638,5394
431,3464,3653,99421,497800,498594,0,1,2,0,0,3,30006-38291,4445
432,2042,3569,100317,501063,501859,0,1,1,0,0,2,15909-31232-31053,5466
433,1387,4184,99968,502267,502863,0,1,0,0,0,1,8793-4324-39275,3047
434,1319,960,100127,503191,503786,0,1,0,0,0,1,8228-3885-5435,5046
435,372,503,100720,503207,504004,0,1,1,0,0,2,1499-260-18810,4995
436,893,4092,101340,504672,505272,0,1,0,0,0,1,5077-42209-38030,6743
437,6725,604,99780,509683,510278,0,1,0,0,0,1,65230-35632-3015,3695
438,464,6750,100003,510359,510956,0,1,0,0,0,1,2289-1692-65381,5789
439,5909,842,99710,510831,511627,0,1,0,0,0,1,60096-43090-41765-4670,5851
440,4280,1939,100673,511781,512377,0,1,0,0,0,1,40608-52333-53197,2560
441,3245,4834,99979,512907,513303,0,1,0,0,0,1,33893-49034,2803
442,3208,4905,100168,514589,515182,0,0,1,0,0,2,51184-31059-32109-49372,5461
443,5829,5924,100617,515141,516539,0,1,2,0,0,3,58175-44848-45929-59610,8951
444,4473,3385,101808,515289,516085,0,1,0,0,0,1,47822-39959-32109-29060,4870
445,311,6490,100994,515949,516545,0,1,0,0,0,1,1026-22983-63823,7807
446,2485,4990,99649,516882,517479,0,0,1,0,0,2,26190-53321-52994-49556,4021
447,5025,6974,99642,517873,517873,0,0,0,0,0,1,-1,
448,5196,752,100014,518733,520127,0,1,2,0,0,3,51207-65355-65356-4134,8503
449,6582,5642,101214,518778,519568,0,1,0,0,0,1,64374-1044-38450-55923,4763
450,3695,1170,100283,520832,521428,0,0,1,0,0,2,32498-50016-42632-7292,10410
451,5687,3025,100272,520963,521761,0,1,0,0,0,1,56465-50022-42373-26154,5837
452,6542,6706,99526,521592,522192,0,1,0,0,0,1,64132-20068-65115,4259
453,6403,6771,100774,521722,522712,0,1,0,0,0,1,63300-28755-32070-16806-65507,12147
454,346,829,100635,524620,525017,0,1,0,0,0,1,11998-4598,1656
455,5513,3147,99606,527435,527435,0,0,0,0,0,1,-1,
456,3662,3861,100397,527579,528171,0,1,0,0,0,1,32277-8260-41931,2617
457,4330,5979,98143,529960,530556,0,1,0,0,0,1,41031-52702-60479,3219
458,47,1264,99276,530971,531366,0,0,1,0,0,2,100-3071-7829,7816
459,2723,6181,99727,531098,531698,0,1,0,0,0,1,23169-6544-61965,6377
460,635,4785,99045,531716,533709,0,1,4,0,0,5,3253-55036-54937-47858,8432
461,1286,971,100347,532898,533891,0,1,1,0,0,2,7968-32286-6729,7493
462,3581,6910,101724,534618,535607,0,1,1,0,0,2,31260-21224-66339,7134
463,2874,3489,100759,534656,536652,0,0,5,0,0,6,24692-6309-6221-30317,6135
464,835,1290,99679,537328,537926,0,1,0,0,0,1,4627-21442-15059,3468
465,5353,1142,99632,538374,539371,0,1,0,0,0,1,53335-52086-36483-36552-7146,9505
466,3952,1997,101607,538968,540362,0,1,1,0,0,2,35885-36992-46705-62273-62274,8218
467,6987,6679,100515,539650,540244,0,1,0,0,0,1,66802-27158-64957,5143
468,6975,2264,99807,540766,541964,0,1,1,0,0,2,66728-34593-4542-18484,7260
469,1287,6746,100163,540861,541260,0,1,0,0,0,1,7974-65357,3784
470,736,6946,100219,544367,545157,0,1,0,0,0,1,3999-33874-35253-66555,6842
471,609,6191,99214,545603,546796,0,1,2,0,0,3,3038-3859-61549-62027,5716
472,1677,1403,99282,546565,547158,0,1,0,0,0,1,12249-12037-9088,7590
473,5847,5352,98310,548109,548707,1,1,0,0,0,2,58289-48358-53919,5736
474,5439,2063,100129,548165,550757,0,1,6,0,0,7,59509-13012-14177-16099,4213
475,62,4859,99515,549240,549840,0,1,0,0,0,1,29834-50082-49218,3562
476,4554,1349,99780,549983,550582,0,1,0,0,0,1,45585-40654-8565,3020
477,3253,3759,99496,551740,552338,0,1,0,0,0,1,28339-32070-44682,3845
478,3320,4497,97313,552179,553178,0,0,2,0,0,3,28798-32070-16884-43781,5951
479,6295,6726,99836,552375,553374,0,1,1,0,0,2,62648-56905-44772-65237,6011
480,1894,3777,99356,556792,557384,0,1,0,0,0,1,34028-33423-33500,5791
481,1325,695,98658,556873,557465,0,1,0,0,0,1,8276-10162-3602,4003
482,3549,6183,100761,558133,559324,0,1,2,0,0,3,61089-61092-49730-61977,8485
483,3480,1302,101664,558408,559403,0,1,1,0,0,2,48459-3626-6882-18793,5015
484,1196,3545,98920,558911,559508,0,1,0,0,0,1,7406-39471-49782,2660
485,3834,5957,99225,558976,559573,0,1,0,0,0,1,34312-52095-60137,4268
486,5066,1363,99245,559509,560105,0,1,0,0,0,1,50018-2-8639,4696
487,3922,1421,97795,559867,560265,0,1,0,0,0,1,36903-23283,4965
488,5084,562,100941,561689,563085,0,0,4,0,0,5,50268-18777-18466-2751,7365
489,359,4858,99067,562174,562373,0,1,0,0,0,1,48765,0
490,6032,4657,101551,563297,564493,0,1,1,0,0,2,61074-50737-27132-56945,8206
491,1108,4356,98465,564970,565566,0,1,0,0,0,1,6973-3879-41440,4640
492,6453,4701,100088,565356,565953,0,1,0,0,0,1,63598-22362-46777,5340
493,3517,5427,99200,566954,567749,0,1,0,0,0,1,34573-48897-48091-54119,6226
494,1837,742,100054,569650,570250,0,1,0,0,0,1,13997-8498-4501,6604
495,2704,527,100522,571053,571649,0,0,1,0,0,2,22797-31543-3520-2582,4106
496,296,943,100493,571607,572202,0,1,0,0,0,1,56363-1948-5325,3887
497,290,4770,101674,572021,573012,0,1,2,0,0,3,10486-32121-47790,5134
498,2195,1916,102033,573089,573490,0,1,0,0,0,1,17724-14619,1790
499,5212,3067,100353,574641,575633,0,1,1,0,0,2,51303-48358-39050,6462
